"Select all keywords","Keyword","Intent","Related %","Volume","Trend","Pot. Traffic","PKD %","KD %","CPC (USD)","Com.","SF","Results","Updated"
"laminate flooring installation cost calculator","","I","0","1,000","","n/a","n/a","29","2.39","0.07","5","12.2M",""
"flooring cost calculator","","I","0","880","","n/a","n/a","8","2.55","0.59","5","9",""
"hardwood floor refinishing cost calculator","","I","0","880","","n/a","n/a","9","2.86","0.06","4","50.9K",""
"epoxy flooring cost calculator","","I","0","720","","n/a","n/a","0","2.05","0.53","6","990K",""
"tile flooring installation cost calculator","","IC","0","590","","n/a","n/a","32","2.19","0.02","4","20.3M",""
"estimate flooring cost calculator","","I","0","480","","n/a","n/a","30","2.55","0.59","3","13.8M",""
"hardwood flooring cost calculator","","I","0","480","","n/a","n/a","10","2.21","0.76","5","6.5M",""
"laminate floor cost calculator","","I","0","480","","n/a","n/a","24","2.12","0.05","6","10.3M",""
"lvp flooring installation cost calculator","","I","0","480","","n/a","n/a","15","0.00","0.04","6","1.3M",""
"tile floor installation cost calculator","","I","0","480","","n/a","n/a","24","3.68","0.03","3","18.2M",""
"vinyl flooring installation cost calculator","","I","0","480","","n/a","n/a","9","2.42","0.10","6","8.5M",""
"concrete floor cost calculator","","I","0","390","","n/a","n/a","35","1.83","0.11","4","24.5M",""
"hardwood flooring installation cost calculator","","I","0","390","","n/a","n/a","22","3.27","0.03","6","8.5M",""
"vinyl flooring labor cost calculator","","I","0","390","","n/a","n/a","19","2.11","0.61","6","704K",""
"wood floor refinishing cost calculator","","I","0","390","","n/a","n/a","0","2.86","0.06","6","42.9K",""
"tile flooring cost calculator","","IC","0","320","","n/a","n/a","26","1.49","0.24","4","12M",""
"vinyl plank flooring installation cost calculator","","I","0","320","","n/a","n/a","16","2.32","0.13","6","1.8M",""
"flooring installation cost calculator","","IC","0","210","","n/a","n/a","2","3.41","0.23","5","263M",""
"laminate flooring cost calculator","","I","0","210","","n/a","n/a","22","1.70","0.19","6","11.3M",""
"epoxy garage floor cost calculator","","I","0","170","","n/a","n/a","8","1.95","0.06","7","86.8K",""
"floor installation cost calculator","","IC","0","170","","n/a","n/a","18","3.41","0.23","5","258M",""
"luxury vinyl plank flooring cost calculator","","I","0","170","","n/a","n/a","8","1.63","0.65","6","1.4M",""
"vinyl flooring cost calculator","","I","0","170","","n/a","n/a","15","2.03","0.32","5","4.3M",""
"calculate vinyl flooring cost","","I","0","140","","n/a","n/a","10","1.87","0.58","6","4.7M",""
"calculator for flooring cost","","I","0","140","","n/a","n/a","29","2.55","0.59","3","24.3M",""
"flooring calculator cost","","I","0","140","","n/a","n/a","4","2.74","0.61","3","35.6M",""
"hardwood floor installation cost calculator","","I","0","140","","n/a","n/a","23","2.28","0.03","6","9.8M",""
"installing hardwood floors cost calculator","","I","0","140","","n/a","n/a","18","3.27","0.03","5","225K",""
"cost of hardwood floors calculator","","I","0","110","","n/a","n/a","18","2.43","0.58","4","8.1M",""
"polished concrete floor cost calculator","","I","0","110","","n/a","n/a","0","2.24","0.36","4","1.7M",""
"refinish wood floor cost calculator","","I","0","110","","n/a","n/a","8","2.86","0.06","7","25.1K",""
"second floor addition cost calculator","","I","0","110","","n/a","n/a","12","0.00","0.03","6","18.9M",""
"wood floor cost calculator","","I","0","110","","n/a","n/a","34","2.43","0.58","5","53.6M",""
"flooring cost calculator square foot","","I","0","90","","n/a","n/a","29","1.89","0.63","3","12M",""
"radiant floor heating cost calculator","","I","0","90","","n/a","n/a","8","1.39","0.34","4","834K",""
"concrete garage floor cost calculator","","I","0","70","","n/a","n/a","33","2.02","0.38","4","11.1M",""
"linoleum flooring cost calculator","","I","0","70","","n/a","n/a","10","1.68","0.61","5","247K",""
"lowe's flooring installation cost calculator","","I","0","70","","n/a","n/a","43","0.00","0.00","4","54.1K",""
"lvp flooring cost calculator","","I","0","70","","n/a","n/a","13","1.21","0.62","6","1.2M",""
"marble flooring cost calculator","","IC","0","70","","n/a","n/a","1","0.00","0.11","4","4.1M",""
"vinyl floor installation cost calculator","","I","0","70","","n/a","n/a","26","3.12","0.05","4","4.9M",""
"calculate flooring cost","","I","0","50","","n/a","n/a","12","2.74","0.61","5","18.5M",""
"carpet flooring cost calculator","","I","0","50","","n/a","n/a","28","1.76","0.53","4","6.3M",""
"empire flooring cost calculator","","IT","0","50","","n/a","n/a","32","5.79","0.63","6","714K",""
"floor refinishing cost calculator","","I","0","50","","n/a","n/a","0","4.16","0.19","5","521K",""
"lowes flooring installation cost calculator","","IT","0","50","","n/a","n/a","45","0.00","0.00","5","76.7K",""
"wood flooring cost calculator","","I","0","50","","n/a","n/a","21","2.43","0.58","6","24.1M",""
"wooden flooring cost calculator","","I","0","50","","n/a","n/a","n/a","2.21","0.76","5","20.6M",""
"calculate cost of wood flooring","","I","0","40","","n/a","n/a","33","2.43","0.58","6","42.2M",""
"cost for laminate flooring calculator","","I","0","40","","n/a","n/a","18","1.70","0.19","6","10.1M",""
"epoxy floor cost calculator","","I","0","40","","n/a","n/a","0","2.11","0.54","7","1.5M",""
"garage floor epoxy cost calculator","","n/a","0","40","","n/a","n/a","n/a","0.00","0.01","n/a","n/a",""
"lowe's flooring cost calculator","","N","0","40","","n/a","n/a","44","1.82","0.09","4","26.8K",""
"mezzanine floor cost calculator","","I","0","40","","n/a","n/a","0","1.34","0.33","4","933K",""
"amtico flooring cost calculator","","n/a","0","30","","n/a","n/a","n/a","0.00","0.00","n/a","n/a",""
"average cost of flooring removal and installation calculator","","I","0","30","","n/a","n/a","26","2.50","0.66","5","168M",""
"concrete basement floor cost calculator","","n/a","0","30","","n/a","n/a","n/a","2.63","0.39","n/a","n/a",""
"concrete flooring cost calculator","","I","0","30","","n/a","n/a","18","2.69","0.43","4","11.3M",""
"cost for flooring calculator","","n/a","0","30","","n/a","n/a","n/a","2.85","0.64","n/a","n/a",""
"cost of laminate flooring calculator","","n/a","0","30","","n/a","n/a","n/a","1.98","0.24","n/a","n/a",""
"cost to install vinyl plank flooring calculator","","n/a","0","30","","n/a","n/a","n/a","0.00","0.33","n/a","n/a",""
"floor cost calculator","","I","0","30","","n/a","n/a","12","2.27","0.52","3","260M",""
"floor replacement cost calculator","","I","0","30","","n/a","n/a","29","3.21","0.64","5","76.4M",""
"flooring cost calculator lowes","","NT","0","30","","n/a","n/a","45","4.70","0.77","4","38.7K",""
"flooring costs calculator","","I","0","30","","n/a","n/a","0","4.76","0.82","5","22.4M",""
"hardwood floor cost calculator","","I","0","30","","n/a","n/a","29","2.53","0.58","6","9.4M",""
"linoleum flooring installation cost calculator","","I","0","30","","n/a","n/a","15","2.42","0.10","5","5.6M",""
"pergo flooring cost calculator","","I","0","30","","n/a","n/a","19","1.60","0.67","5","9.8K",""
"vinyl plank flooring cost calculator","","I","0","30","","n/a","n/a","20","1.72","0.49","7","1.7M",""
"2nd floor construction cost calculator","","n/a","0","20","","n/a","n/a","n/a","0.00","0.14","n/a","n/a",""
"bamboo flooring cost calculator","","n/a","0","20","","n/a","n/a","n/a","0.00","0.19","n/a","n/a",""
"basement flooring cost calculator","","n/a","0","20","","n/a","n/a","n/a","5.32","0.80","n/a","n/a",""
"calculate flooring installation costs","","n/a","0","20","","n/a","n/a","n/a","2.57","0.83","n/a","n/a",""
"calculate tile flooring cost","","n/a","0","20","","n/a","n/a","n/a","0.00","0.00","n/a","n/a",""
"calculating flooring cost","","n/a","0","20","","n/a","n/a","n/a","2.85","0.64","n/a","n/a",""
"cement floor cost calculator","","n/a","0","20","","n/a","n/a","n/a","0.00","0.29","n/a","n/a",""
"ceramic floor tile installation cost calculator","","n/a","0","20","","n/a","n/a","n/a","0.00","0.02","n/a","n/a",""
"ceramic tile floor cost calculator","","n/a","0","20","","n/a","n/a","n/a","0.00","0.14","n/a","n/a",""
"ceramic tile flooring cost calculator","","n/a","0","20","","n/a","n/a","n/a","0.00","0.14","n/a","n/a",""
"concrete epoxy flooring cost calculator","","n/a","0","20","","n/a","n/a","n/a","1.88","0.68","n/a","n/a",""
"cost of flooring calculator","","n/a","0","20","","n/a","n/a","n/a","2.85","0.64","n/a","n/a",""
"cost of vinyl flooring calculator","","n/a","0","20","","n/a","n/a","n/a","0.00","0.86","n/a","n/a",""
"cost to install wood floor calculator","","n/a","0","20","","n/a","n/a","n/a","0.00","0.86","n/a","n/a",""
"cost to refinish hardwood floors calculator","","n/a","0","20","","n/a","n/a","n/a","0.00","0.33","n/a","n/a",""
"cost to tile floor calculator","","n/a","0","20","","n/a","n/a","n/a","1.63","0.43","n/a","n/a",""
"electric radiant floor heating cost calculator","","n/a","0","20","","n/a","n/a","n/a","0.00","0.33","n/a","n/a",""
"engineered hardwood flooring cost calculator","","n/a","0","20","","n/a","n/a","n/a","2.15","0.47","n/a","n/a",""
"engineered wood flooring cost calculator","","n/a","0","20","","n/a","n/a","n/a","0.00","0.00","n/a","n/a",""
"engineered wood flooring installation cost calculator","","n/a","0","20","","n/a","n/a","n/a","0.00","0.01","n/a","n/a",""
"floating floor cost calculator","","n/a","0","20","","n/a","n/a","n/a","0.00","0.00","n/a","n/a",""
"floor covering cost calculator","","n/a","0","20","","n/a","n/a","n/a","2.17","0.66","n/a","n/a",""
"floor joist cost calculator","","n/a","0","20","","n/a","n/a","n/a","2.70","0.20","n/a","n/a",""
"floor screed cost calculator","","n/a","0","20","","n/a","n/a","n/a","0.00","0.33","n/a","n/a",""
"floor tile installation cost calculator","","n/a","0","20","","n/a","n/a","n/a","2.79","0.35","n/a","n/a",""
"floor truss cost calculator","","n/a","0","20","","n/a","n/a","n/a","0.00","0.05","n/a","n/a",""
"flooring cost calculator australia","","n/a","0","20","","n/a","n/a","n/a","0.00","0.33","n/a","n/a",""
"flooring cost calculator home depot","","n/a","0","20","","n/a","n/a","n/a","2.06","0.58","n/a","n/a",""
"flooring cost estimate calculator","","n/a","0","20","","n/a","n/a","n/a","4.57","0.90","n/a","n/a",""
"flooring cost per square foot calculator","","n/a","0","20","","n/a","n/a","n/a","3.44","0.59","n/a","n/a",""
"flooring labor cost calculator","","n/a","0","20","","n/a","n/a","n/a","3.17","0.35","n/a","n/a",""